Leverage,Ratio,Risk,Max Steps,Percent Of max range,Total Trades,Profit,Balance Min,Balance Max,Max Step,Actions
125,5,16,4,20,12822,1.6389073879936002e+24,84.26157828249733,1.664072460275529e+24,4,
100,5,16,4,10,15920,2.5618670947074176e+23,81.08531065773657,2.5618670947074166e+23,4,
75,5,16,4,10,8295,1.2339505608059956e+23,85.43913565334597,1.2471127144963086e+23,4,
125,5,16,4,30,7468,5.822744530481031e+21,85.61009334645762,5.957892625862342e+21,4,
125,4.5,17,4,20,13819,3.314711894136412e+21,84.73720781715105,3.362571435176636e+21,4,
100,5,16,4,20,6579,3.0981050778602056e+21,88.44945554933092,3.178375122584126e+21,4,
100,4.5,17,4,10,17193,1.788089349126158e+21,82.10196382590922,1.798775631339415e+21,4,
75,4.5,17,4,10,9025,808393612754782000000,85.66522585534042,816504170473189400000,4,
125,4.5,17,4,30,8302,723101076767088700000,85.92083672414094,730899719844856500000,4,
125,5,21,5,20,12681,256855149064178730000,84.83670300459852,259849122141994250000,5,
100,5,21,5,10,15764,141112124743241920000,82.5065345567322,141112124743241990000,5,
100,4.5,17,4,20,7219,118185350646681730000,84.00378856087337,121062952298086430000,4,
75,5,21,5,10,8274,29647591252539050000,89.05795821718104,29887926642939430000,5,
75,4,18,4,10,10061,19968466859392745000,85.87217249341577,20157573588173234000,4,
125,4,18,4,30,9107,15361121567309883000,86.03491929551073,15517493657655953000,4,
125,4,18,4,20,15018,14552099610015259000,85.14408042251762,14552099610015255000,4,
125,5,21,5,30,7419,7669181899955249000,89.11780971047112,7804059085289675000,5,
125,5,16,4,10,31914,6601364938533940000,81.14984599108709,6626413267837892000,4,
125,5,16,4,40,5198,5988194209182974000,93.752,6080085202833803000,4,
100,4,18,4,20,8061,5165687840449832000,84.4737308329843,5224298198456785000,4,
100,4,18,4,10,18829,4623473479373689000,82.98604865661851,4649561314393623000,4,
125,4.5,23,5,20,13682,1942573425705452000,85.83828006388187,1963226682432885000,5,
125,4.5,17,4,40,5778,811590179097097000,93.1850380538278,835369854612218200,4,
100,5,21,5,20,6569,802046740738096400,91.3884525314563,817782468597720800,5,
75,4.5,23,5,10,8931,385582675096902400,89.64500412636481,388434555146634100,5,
50,5,16,4,10,3788,384946289560024100,83.72203212373665,384946289560024260,4,
125,4,18,4,40,6388,342098735921479550,89.39340365503833,351550016673928450,4,
100,4.5,23,5,10,17068,277457636759470080,83.96096781429623,278681347101389280,5,
100,5,16,4,30,3853,158575567544169630,83.71545834220026,158575567544169660,4,
125,4.5,23,5,30,8239,132101290935435500,89.86640909044333,133151384558278300,5,
75,3.5,21,4,10,11119,110302992230112260,84.9164349391468,110302992230112370,4,
50,4.5,17,4,10,4175,61856046929484220,81.47956475907405,61856046929484340,4,
75,5,16,4,20,3287,60144234032162050,80.52161575737549,60144234032162160,4,
100,4.5,17,4,30,4216,50434873333824350,84.03128294411533,50434873333824460,4,
125,4.5,17,4,10,34577,30007329755054212,82.2095202846148,30114468488985970,4,
125,5,21,5,10,31527,22997495813950732,82.8311288586641,23063921198875280,5,
100,4.5,23,5,20,7211,20388737840572510,88.37915036833999,20921989165178120,5,
100,3.5,21,4,20,9041,10186864592464542,83.94003387724705,10285773770888156,4,
125,3.5,21,4,30,10265,9930904881048880,85.02627158307871,9930904881048980,4,
75,4,25,5,10,9966,9065930478916292,90.03166490526775,9127583882583824,5,
125,3.5,21,4,20,16673,7489475350811535,84.4733202044284,7532858902239014,4,
125,4,25,5,20,14929,7113963341748527,84.57473568763676,7113963341748625,5,
125,5,21,5,40,5152,7034039356431066,95.24,7115979869933013,5,
75,4.5,17,4,20,3663,6525319839996672,84.20036405813227,6525319839996772,4,
100,3.5,21,4,10,20941,3895964559088813,82.65495975588489,3914791854914910,4,
125,3.5,21,4,40,7197,3345667168743710,84.0471613887531,3384641316018447.5,4,
125,4,25,5,30,9029,2757085227171190,90.16561009497633,2777235590617475,5,
100,4,25,5,20,8026,1878384771249838.5,88.99160310748019,1893681048450980.5,5,
75,4,18,4,20,4073,1229117104449677.5,84.3751731056226,1229117104449777,4,
100,4,18,4,30,4731,889356866433871.9,94.44,904575401047550.8,4,
50,4,18,4,10,4676,789165291629544.1,94.44,802809897923736,4,
100,4,25,5,10,18691,757640093931949.1,83.16172357299048,760713213916013.1,5,
50,5,21,5,10,3747,704131573323794.4,83.06179015695054,704131573323894.5,5,
125,4.5,23,5,40,5733,574049906315507,95.22572419103845,586387571120264.5,5,
100,5,21,5,30,3799,470837503981689.25,83.04713151342831,470837503981789.25,5,
100,5,16,4,40,2497,361439054030343.56,78.76012423114172,361439054030443.6,4,
100,4.5,17,4,40,2824,263260359354158.7,81.11762563417301,263260359354258.7,4,
75,5,21,5,20,3290,199601440326379.8,85.37519253239245,199601440326479.8,5,
100,4,18,4,40,3216,197037157954732.28,81.78853522094931,197037157954832.34,4,
125,4,18,4,10,38164,109986646396720.22,83.13463293481121,110357454656115.81,4,
50,4.5,23,5,10,4151,76173863823614.81,86.46715914902605,76173863823714.77,5,
75,3,25,4,10,12566,60789236247057.63,90.23154455086495,60789236247157.62,4,
100,4.5,23,5,30,4196,58493211443540.56,84.11194829606272,58493211443640.56,5,
125,4,25,5,40,6319,57529048609630.27,92.50590177591026,58664614286771.11,5,
125,4.5,23,5,10,34421,44220673478354.91,84.28268562735738,44337263471810.92,5,
125,3,25,4,30,11586,33367587612496.504,84.90963228564813,33367587612596.504,4,
50,3.5,21,4,10,5408,26643984706351.74,86.63800308734108,27444214736944.867,4,
100,3.5,21,4,30,5479,20662011250960.26,86.635978661824,21276101921958.547,4,
100,3,25,4,20,10189,17444262526414.014,84.17757057283853,17444262526514.01,4,
75,3.5,31,5,10,11018,13669406181498.96,89.9286140172464,13669406181598.96,5,
75,4.5,23,5,20,3642,8767519188342.064,83.97532536174108,8767519188442.064,5,
125,3.5,31,5,30,10179,5980584381408.706,90.04443482697478,5980584381508.707,5,
125,3,25,4,40,8268,4445049765651.269,84.20340174381607,4488464894093.79,4,
75,3.5,21,4,20,4657,3289422671636.411,95.24,3343166253115.585,4,
125,3.5,31,5,20,16551,3084038941671.7285,83.97829147048748,3096118203792.044,5,
75,4,25,5,20,4055,2637628212338.15,82.73792173421273,2637628212438.1514,5,
125,3,25,4,20,18874,2614963228309.1987,84.6376744400871,2627675297735.107,4,
100,3.5,31,5,20,8940,2494407791783.4043,89.24610409369615,2510763260513.3535,5,
100,4,25,5,30,4722,2407091314921.0835,96,2436606530851.938,5,
50,4,25,5,10,4626,1740627230375.8232,96,1762191456659.6846,5,
100,3.5,31,5,10,20865,1590235017472.099,83.0619803677976,1595432767473.8591,5,
100,4.5,23,5,40,2799,1421759341489.6846,86.29174057726007,1421759341589.6846,5,
100,3.5,21,4,40,3662,1415238135826.6099,83.63930586640612,1471881930877.6462,4,
75,4.5,17,4,30,2052,1360816004555.1763,80.7174059340809,1360816004655.176,4,
100,3,25,4,10,23808,960078735542.3638,83.61241834011557,968078848322.0408,4,
100,5,21,5,40,2465,854664226450.3033,79.78654507523508,854664226550.3032,5,
100,3,25,4,30,6262,719753901882.4948,84.24269131676357,728579363496.7882,4,
125,3.5,31,5,40,7094,690660655136.7079,89.3577905604025,696090498292.5524,5,
75,4,18,4,30,2289,428574789749.9107,78.69630462294415,428574789849.91077,4,
50,3,25,4,10,6163,374482440274.28345,84.30284137260179,379121816287.016,4,
125,4,25,5,10,37880,343176299519.752,83.50902067868745,344008541268.61066,5,
75,5,16,4,30,1875,248184226677.65152,93.74666666666667,248184226777.6515,4,
50,5,16,4,20,1487,199366169198.75513,88.30927908618696,238741722254.44565,4,
75,3,25,4,20,5441,148139452805.6784,85.97034934530231,152254891852.1144,4,
100,4,25,5,40,3172,145614609284.9203,87.09309800331317,145614609384.92032,5,
125,3.5,21,4,10,43388,130785149253.1924,83.412440817072,131162905868.87881,4,
50,3.5,31,5,10,5347,109132178015.90544,91.29686016164956,111331246366.6965,5,
100,3.5,31,5,30,5378,92302686534.03401,91.26975020765566,94143407571.65666,5,
75,3.5,21,4,30,2704,90017755207.84076,81.21505345557236,90017755307.84076,4,
75,4.5,17,4,40,1429,85504066788.71858,88.58813020656672,105175053670.14018,4,
75,3,38,5,10,12554,52912458174.041794,93.58431334694781,52912458274.04181,5,
125,3,38,5,30,11544,35374335958.05277,90.18980194081794,35374336058.05277,5,
100,3,25,4,40,4288,23659704137.448708,96,23659704237.448704,4,
50,4.5,17,4,20,1586,13365771633.590527,88.31909441785263,15452805386.457893,4,
75,3.5,31,5,20,4651,11118031051.288021,96.77333333333334,11240439067.83738,5,
100,3,38,5,20,10117,10682188788.588715,89.70755120862017,10682188888.588713,5,
125,3,38,5,20,18821,9012649231.465466,84.00530447826651,9041425826.116428,5,
75,5,21,5,30,1795,8834881967.208475,95.24,8834882067.208477,5,
50,4,18,4,20,1792,7608015015.076843,94.44,7894756701.838207,4,
75,4,25,5,30,2275,5320873904.75476,79.51270097679186,5320874004.754759,5,
75,4,18,4,40,1579,5255245949.660448,88.557219490521,6116194115.103917,4,
125,3,38,5,40,8176,4665679073.844868,89.74186181242038,4695559616.531497,5,
100,3,38,5,10,23722,4343353797.818594,83.42522914620312,4354928230.758137,5,
50,5,21,5,20,1424,3840436821.5776596,91.42498476927443,4711507033.680893,5,
75,3,25,4,30,3183,3112975621.6739726,81.86988589401851,3244524750.410168,4,
75,4.5,23,5,30,2067,3063144961.996759,80.33568703359421,3063145061.996759,5,
50,3.5,21,4,20,2045,2948475538.125663,78.85617120254102,2948475638.1256623,4,
100,3.5,31,5,40,3597,2872830327.594336,81.79087032121642,2949729147.1976357,5,
75,5,16,4,40,1270,1388826688.6205192,93.74666666666667,2165595192.964011,4,
100,3,38,5,30,6215,1303016152.2996922,89.81310598775578,1313483720.883866,5,
50,4.5,23,5,20,1568,1155782296.9243708,91.67182727849935,1391127217.7529314,5,
75,3,38,5,20,5372,1024048577.5894519,91.0471542088164,1054667089.1946802,5,
50,3,38,5,10,6128,917266552.5699568,89.77671035925792,924711286.6743038,5,
75,3.5,21,4,40,1795,687009257.3885324,95.24,738915664.1912123,4,
50,3,25,4,20,2393,654456366.3850183,81.42060781063566,654456466.3850186,4,
125,3.5,31,5,10,43434,593142827.6508611,83.56051508481158,594302415.0419008,5,
75,4.5,23,5,40,1385,415823311.6810531,91.88451809433408,511000115.5643843,5,
50,4.5,17,4,30,870,331960916.739138,85.26818792280427,419584680.8166964,4,
75,5,21,5,40,1233,301374780.37886155,95.24,405842912.4142809,5,
75,3.5,31,5,30,2670,278783649.4134607,87.46220434243796,278783749.4134606,5,
125,3,25,4,10,50353,231745938.10390913,83.75245218407741,232308048.6653246,4,
75,3,25,4,40,2113,217669081.80598927,77.62036925736632,217669181.80598924,4,
75,4,25,5,40,1544,204123877.1770407,92.0346381674207,251715811.9771056,5,
50,4,25,5,20,1753,190779290.47645754,96,209620690.571311,5,
50,4,18,4,30,1007,184228526.11658156,94.44,308662268.13701534,4,
100,3,38,5,40,4267,177551197.7242483,97.37,177551297.7242483,5,
50,5,21,5,30,741,96416934.13616203,80.78116747410597,132776984.9049381,5,
75,3,38,5,30,3165,32253162.492627982,88.2254449349002,33137173.266310513,5,
50,3.5,31,5,20,2031,23666444.61517432,78.57348310512774,23666544.61517432,5,
50,4.5,23,5,30,854,20128577.336709067,80.80619391755931,39817732.10222296,5,
50,3.5,21,4,30,1191,16990664.029235892,95.24,22388021.026181888,4,
50,5,16,4,30,776,12483023.59283249,74.2221476324053,25599739.759500604,4,
75,3.5,31,5,40,1762,10309574.949343635,90.77487549561343,10543705.120128363,5,
50,4,25,5,30,964,7328077.659710349,96,9646245.973808553,5,
50,3,38,5,20,2376,4645778.27758616,79.20016913374768,4645878.277586161,5,
125,3,38,5,10,50108,2730628.665508017,84.72200571223556,2747141.087247308,5,
75,3,38,5,40,2074,2635448.3604543693,78.65126038656469,2635548.3604543693,5,
50,3,25,4,30,1362,2184392.2021171353,91.09757487639344,2184492.2021171353,4,
50,3,25,4,40,909,1755646.2974186908,88.69807599883212,1846475.7771916627,4,
50,3.5,21,4,40,737,1689984.3385886138,79.78287562330146,2322255.72545256,4,
50,5,16,4,40,529,1343578.1340746607,71.35005366334407,3483249.8101207884,4,
50,4,25,5,40,629,890247.168390081,68.3470886852745,936356.506246104,5,
50,3.5,31,5,30,1145,454875.8664342399,96.78,681128.0995686919,5,
50,5,21,5,40,515,297246.16600420745,78.86174303318901,430296.85727604775,5,
50,3,38,5,30,1341,267455.35542813374,94.3472852688705,296084.51047063945,5,
50,4,18,4,40,649,214461.54084768004,72.3955297806751,230276.83787093346,4,
50,4.5,17,4,40,612,170291.49889039228,72.0865136771666,342945.2837367515,4,
50,4.5,23,5,40,576,147381.0070977669,76.11910712926937,184402.40771809855,5,
50,3,38,5,40,880,132430.42632975444,80.18895604241129,161411.58829349632,5,
50,3.5,31,5,40,728,119983.9783572466,74.2462131446743,241858.98782308586,5,
